<MigrationProcessCSVMetadataVO>
   <MigrationProcessCSVMetadataVORow>
      <ProcessId>-999</ProcessId>
      <ProcessName>Manage HCM Extract Definitions_20250804_065234_477_SKHUBCHA_EXTRACT_UPDATE</ProcessName>
      <ProcessDescription>Manage HCM Extract Definitions_20250804_065234_477_SKHUBCHA_EXTRACT_UPDATE</ProcessDescription>
      <ProcessDate>2025-08-04 06:54:23.493</ProcessDate>
      <ObjectShortName>PER_MANAGE_EXTRACT_DEFINITION</ObjectShortName>
      <ObjectType>TASK</ObjectType>
      <CreatedByFlow>TASK_CSV</CreatedByFlow>
      <ProcessType>EXPORT</ProcessType>
      <ProcessStatus>COMPLETED</ProcessStatus>
      <ProcessEnv>efds-dev2</ProcessEnv>
      <ProcessStartDate>2025-08-04 06:52:34.557</ProcessStartDate>
      <ProcessEndDate>2025-08-04 06:54:23.493</ProcessEndDate>
      <ProcessRelease>11.13.25.07.0</ProcessRelease>
      <SubmittedBy>SKHUBCHA</SubmittedBy>
      <ESSRequestId>45936165</ESSRequestId>
      <MigrationProcessBusinessObjectCSVMetadata1>
         <MigrationProcessBusinessObjectCSVMetadataVORow>
            <ProcessId>-999</ProcessId>
            <BusinessObjectShortName>ORA_PER_EXTRACT_RECORD_SORT_ORDER</BusinessObjectShortName>
            <BatchName>ExtractRecord</BatchName>
            <XmlAttributeList>ViewInstanceName,GroupingKey,DefinitionName,BlockName,RecordName,OrderByClause,LegislativeDataGroupName,LegislationCode,ReportSortOrderId,ExtDefinitionId,ReportBlockId,ReportRecordId,LegislativeDataGroupId</XmlAttributeList>
            <XmlAttributeTypeList>string,string,string,string,string,string,string,string,string,string,string,string,string</XmlAttributeTypeList>
            <XmlNodePath>/ExtractRecordVO/ExtractRecordVORow/ExtractRecordSortVO/ExtractRecordSortVORow</XmlNodePath>
            <NodeSequence>13</NodeSequence>
         </MigrationProcessBusinessObjectCSVMetadataVORow>
         <MigrationProcessBusinessObjectCSVMetadataVORow>
            <ProcessId>-999</ProcessId>
            <BusinessObjectShortName>ORA_PER_EXTRACT_REPORT_CATEGORY</BusinessObjectShortName>
            <BatchName>ExtractReportGroup</BatchName>
            <XmlAttributeList>ViewInstanceName,GroupingKey,BaseCategoryName,CategoryName,Description,LegislationCode,ShortName,LegislativeDataGroupName,ReportGroupName,LegislativeDataGroupId,ReportCategoryId,ReportGroupId</XmlAttributeList>
            <XmlAttributeTypeList>string,string,string,string,string,string,string,string,string,string,string,string</XmlAttributeTypeList>
            <XmlNodePath>/ExtractReportGroupVO/ExtractReportGroupVORow/ExtractReportCategoryVO/ExtractReportCategoryVORow</XmlNodePath>
            <NodeSequence>23</NodeSequence>
         </MigrationProcessBusinessObjectCSVMetadataVORow>
         <MigrationProcessBusinessObjectCSVMetadataVORow>
            <ProcessId>-999</ProcessId>
            <BusinessObjectShortName>ORA_PER_EXTRACT_REPORT_CATEGORY_TRANSLATION</BusinessObjectShortName>
            <BatchName>ExtractReportGroup</BatchName>
            <XmlAttributeList>ViewInstanceName,GroupingKey,CategoryName,Description,Language,SourceLang,BaseCategoryName,LegislativeDataGroupName,ReportCategoryId,LegislativeDataGroupId</XmlAttributeList>
            <XmlAttributeTypeList>string,string,string,string,string,string,string,string,string,string</XmlAttributeTypeList>
            <XmlNodePath>/ExtractReportGroupVO/ExtractReportGroupVORow/ExtractReportCategoryVO/ExtractReportCategoryVORow/ExtractReportCategoryTranslationVO/ExtractReportCategoryTranslationVORow</XmlNodePath>
            <NodeSequence>23</NodeSequence>
         </MigrationProcessBusinessObjectCSVMetadataVORow>
         <MigrationProcessBusinessObjectCSVMetadataVORow>
            <ProcessId>-999</ProcessId>
            <BusinessObjectShortName>ORA_PER_EXTRACT_REPORT_CATEGORY_COMPONENT</BusinessObjectShortName>
            <BatchName>ExtractReportGroup</BatchName>
            <XmlAttributeList>ViewInstanceName,GroupingKey,LegislationCode,OrderById,BaseCategoryName,LegislativeDataGroupName,BaseDefinitionName,BaseDeliveryOptionName,ReportName,LegislativeDataGroupId,ReportCategoryCompId,ReportCategoryId,ReportDefinitionId,StyleSheetId,ExtDefinitionId</XmlAttributeList>
            <XmlAttributeTypeList>string,string,string,string,string,string,string,string,string,string,string,string,string,string,string</XmlAttributeTypeList>
            <XmlNodePath>/ExtractReportGroupVO/ExtractReportGroupVORow/ExtractReportCategoryVO/ExtractReportCategoryVORow/ExtractReportCategoryComponentVO/ExtractReportCategoryComponentVORow</XmlNodePath>
            <NodeSequence>25</NodeSequence>
         </MigrationProcessBusinessObjectCSVMetadataVORow>
         <MigrationProcessBusinessObjectCSVMetadataVORow>
            <ProcessId>-999</ProcessId>
            <BusinessObjectShortName>ORA_PER_EXTRACT_REPORT_DEFINITION</BusinessObjectShortName>
            <BatchName>ExtractReportGroup</BatchName>
            <XmlAttributeList>ViewInstanceName,GroupingKey,ApplicationShortName,LegislationCode,ReportName,ReportType,BaseDefinitionName,LegislativeDataGroupName,BaseBlockName,ReportGroupName,ExtDefinitionId,LegislativeDataGroupId,ReportBlockId,ReportDefinitionId,ReportGroupId</XmlAttributeList>
            <XmlAttributeTypeList>string,string,string,string,string,string,string,string,string,string,string,string,string,string,string</XmlAttributeTypeList>
            <XmlNodePath>/ExtractReportGroupVO/ExtractReportGroupVORow/ExtractReportDefinitionVO/ExtractReportDefinitionVORow</XmlNodePath>
            <NodeSequence>22</NodeSequence>
         </MigrationProcessBusinessObjectCSVMetadataVORow>
         <MigrationProcessBusinessObjectCSVMetadataVORow>
            <ProcessId>-999</ProcessId>
            <BusinessObjectShortName>ORA_PER_EXTRACT_PARAMETERS</BusinessObjectShortName>
            <BatchName>ExtractDefinition</BatchName>
            <XmlAttributeList>ViewInstanceName,GroupingKey,BaseParamName,ParamName,DefinitionName,XmlTagName,EssParamName,Description,DataType,LegislationCode,LegislativeDataGroupName,AllowedInExpression,Generated,ParamSequence,DefaultType,DefaultVal,DisplayFlag,ParamLookup,ParamUsageType,ParamDispType,ParamValueSet,ExtParamId,ExtDefinitionId,LegislativeDataGroupId</XmlAttributeList>
            <XmlAttributeTypeList>string,string,string,string,string,string,string,string,string,string,string,string,string,string,string,string,string,string,string,string,string,string,string,string</XmlAttributeTypeList>
            <XmlNodePath>/ExtractDefinitionVO/ExtractDefinitionVORow/ExtractParameterVO/ExtractParameterVORow</XmlNodePath>
            <NodeSequence>3</NodeSequence>
         </MigrationProcessBusinessObjectCSVMetadataVORow>
         <MigrationProcessBusinessObjectCSVMetadataVORow>
            <ProcessId>-999</ProcessId>
            <BusinessObjectShortName>ORA_PER_EXTRACT_PARAMETERS_TRANSLATION</BusinessObjectShortName>
            <BatchName>ExtractDefinition</BatchName>
            <XmlAttributeList>ViewInstanceName,GroupingKey,ExtParamName,ParamName,Description,Language,SourceLang,DefinitionName,LegislativeDataGroupName,ExtParamId,ExtDefinitionId,LegislativeDataGroupId</XmlAttributeList>
            <XmlAttributeTypeList>string,string,string,string,string,string,string,string,string,string,string,string</XmlAttributeTypeList>
            <XmlNodePath>/ExtractDefinitionVO/ExtractDefinitionVORow/ExtractParameterVO/ExtractParameterVORow/ExtractParameterTranslationVO/ExtractParameterTranslationVORow</XmlNodePath>
            <NodeSequence>3</NodeSequence>
         </MigrationProcessBusinessObjectCSVMetadataVORow>
         <MigrationProcessBusinessObjectCSVMetadataVORow>
            <ProcessId>-999</ProcessId>
            <BusinessObjectShortName>ORA_PER_EXTRACT_RECORD_EXCLUSION_RULE</BusinessObjectShortName>
            <BatchName>ExtractRecord</BatchName>
            <XmlAttributeList>ViewInstanceName,GroupingKey,LogicalStartDate,LogicalEndDate,EffectiveStartDate,EffectiveEndDate,RecordName,RuleType,LegislationCode,LegislativeDataGroupName,DefinitionName,BlockName,OverrideRecordName,RecEffectiveStartDate,RecEffectiveEndDate,OverrideEffectiveStartDate,OverrideEffectiveEndDate,RepRecordRuleId,ReportRecordId,OverrideRecordId,LegislativeDataGroupId,ReportBlockId,ExtDefinitionId</XmlAttributeList>
            <XmlAttributeTypeList>string,string,date,date,date,date,string,string,string,string,string,string,string,string,string,string,string,string,string,string,string,string,string</XmlAttributeTypeList>
            <XmlNodePath>/ExtractRecordVO/ExtractRecordVORow/ExtractRecordExclusionVO/ExtractRecordExclusionVORow</XmlNodePath>
            <NodeSequence>11</NodeSequence>
         </MigrationProcessBusinessObjectCSVMetadataVORow>
         <MigrationProcessBusinessObjectCSVMetadataVORow>
            <ProcessId>-999</ProcessId>
            <BusinessObjectShortName>ORA_PER_EXTRACT_BLOCK_LINKS</BusinessObjectShortName>
            <BatchName>ExtractBlock</BatchName>
            <XmlAttributeList>ViewInstanceName,GroupingKey,LegislationCode,LegislativeDataGroupName,BlockName,DefinitionName,ParentBlockName,BlockDbiBaseUserName,ParentBlockDbiBaseUserName,ExtBlockLinkId,ReportBlockId,BlockDbiId,ParentBlockId,ParentBlockDbiId,LegislativeDataGroupId,ExtDefinitionId</XmlAttributeList>
            <XmlAttributeTypeList>string,string,string,string,string,string,string,string,string,string,string,string,string,string,string,string</XmlAttributeTypeList>
            <XmlNodePath>/ExtractBlockVO/ExtractBlockVORow/ExtractBlockLinkVO/ExtractBlockLinkVORow</XmlNodePath>
            <NodeSequence>7</NodeSequence>
         </MigrationProcessBusinessObjectCSVMetadataVORow>
         <MigrationProcessBusinessObjectCSVMetadataVORow>
            <ProcessId>-999</ProcessId>
            <BusinessObjectShortName>ORA_PER_EXTRACT_DATAGROUP</BusinessObjectShortName>
            <BatchName>ExtractBlock</BatchName>
            <XmlAttributeList>ViewInstanceName,GroupingKey,BlockName,Description,BaseBlockName,DefinitionName,MainBlockFlag,BaseUserEntityName,XmlTagName,UserName,MultiThreadActType,InterlockDBIName,LegislationCode,LegislativeDataGroupName,UserEntityName,BlockDbiBaseUserName,InterlockDbiBaseUserName,CreatorType,ReportBlockId,ExtDefinitionId,UserEntityId,MultiDbiId,InterlockDbiId,LegislativeDataGroupId</XmlAttributeList>
            <XmlAttributeTypeList>string,string,string,string,string,string,string,string,string,string,string,string,string,string,string,string,string,string,string,string,string,string,string,string</XmlAttributeTypeList>
            <XmlNodePath>/ExtractBlockVO/ExtractBlockVORow</XmlNodePath>
            <NodeSequence>5</NodeSequence>
         </MigrationProcessBusinessObjectCSVMetadataVORow>
         <MigrationProcessBusinessObjectCSVMetadataVORow>
            <ProcessId>-999</ProcessId>
            <BusinessObjectShortName>ORA_PER_EXTRACT_DATAGROUP_TRANSLATION</BusinessObjectShortName>
            <BatchName>ExtractBlock</BatchName>
            <XmlAttributeList>ViewInstanceName,GroupingKey,ReportBlockName,BlockName,DefinitionName,Description,Language,SourceLang,LegislativeDataGroupName,LegislationCode,ReportBlockId,ExtDefinitionId,LegislativeDataGroupId</XmlAttributeList>
            <XmlAttributeTypeList>string,string,string,string,string,string,string,string,string,string,string,string,string</XmlAttributeTypeList>
            <XmlNodePath>/ExtractBlockVO/ExtractBlockVORow/ExtractBlockTranslationVO/ExtractBlockTranslationVORow</XmlNodePath>
            <NodeSequence>5</NodeSequence>
         </MigrationProcessBusinessObjectCSVMetadataVORow>
         <MigrationProcessBusinessObjectCSVMetadataVORow>
            <ProcessId>-999</ProcessId>
            <BusinessObjectShortName>ORA_PER_EXTRACT_DATA_ELMNT_CONDS</BusinessObjectShortName>
            <BatchName>ExtractDataElement</BatchName>
            <XmlAttributeList>ViewInstanceName,GroupingKey,DefinitionName,BlockName,RecordName,ExtDataElementName,ReplacementSequence,ReplaceValue,ReplacementCondition,DataElementName,LegislationCode,LegislativeDataGroupName,ExtReplacementId,ExtDataElementId,SubsExtDataElementId,LegislativeDataGroupId,ReportRecordId,ReportBlockId,ExtDefinitionId</XmlAttributeList>
            <XmlAttributeTypeList>string,string,string,string,string,string,string,string,string,string,string,string,string,string,string,string,string,string,string</XmlAttributeTypeList>
            <XmlNodePath>/ExtractDataElementVO/ExtractDataElementVORow/ExtractReplacementVO/ExtractReplacementVORow</XmlNodePath>
            <NodeSequence>15</NodeSequence>
         </MigrationProcessBusinessObjectCSVMetadataVORow>
         <MigrationProcessBusinessObjectCSVMetadataVORow>
            <ProcessId>-999</ProcessId>
            <BusinessObjectShortName>ORA_PER_EXTRACT_DELIVERY_OPTIONS</BusinessObjectShortName>
            <BatchName>ExtractDeliveryOption</BatchName>
            <XmlAttributeList>ViewInstanceName,GroupingKey,DeliveryOptionName,BaseDeliveryOptionName,DefinitionName,BipReportName,BipTemplateName,BurstingNode,DeliveryType,Description,OutputDirectoryName,OutputName,OutputType,OverrideDeliveryOptionId,RepDocumentId,LegislationCode,LegislativeDataGroupName,MandatoryFlag,DateFrom,DateTo,ExtDeliveryOptionId,ExtDefinitionId,LegislativeDataGroupId</XmlAttributeList>
            <XmlAttributeTypeList>string,string,string,string,string,string,string,string,string,string,string,string,string,string,string,string,string,string,date,date,string,string,string</XmlAttributeTypeList>
            <XmlNodePath>/ExtractDeliveryOptionVO/ExtractDeliveryOptionVORow</XmlNodePath>
            <NodeSequence>18</NodeSequence>
         </MigrationProcessBusinessObjectCSVMetadataVORow>
         <MigrationProcessBusinessObjectCSVMetadataVORow>
            <ProcessId>-999</ProcessId>
            <BusinessObjectShortName>ORA_PER_EXTRACT_DELIVERY_OPTIONS_TRANSLATION</BusinessObjectShortName>
            <BatchName>ExtractDeliveryOption</BatchName>
            <XmlAttributeList>ViewInstanceName,GroupingKey,ExtDeliveryOptionName,DefinitionName,DeliveryOptionName,Description,Language,SourceLang,LegislationCode,LegislativeDataGroupName,ExtDeliveryOptionId,ExtDefinitionId,LegislativeDataGroupId</XmlAttributeList>
            <XmlAttributeTypeList>string,string,string,string,string,string,string,string,string,string,string,string,string</XmlAttributeTypeList>
            <XmlNodePath>/ExtractDeliveryOptionVO/ExtractDeliveryOptionVORow/ExtractDeliveryOptionTranslationVO/ExtractDeliveryOptionTranslationVORow</XmlNodePath>
            <NodeSequence>18</NodeSequence>
         </MigrationProcessBusinessObjectCSVMetadataVORow>
         <MigrationProcessBusinessObjectCSVMetadataVORow>
            <ProcessId>-999</ProcessId>
            <BusinessObjectShortName>ORA_PER_EXTRACT_DELIVERY_OPTIONS_DETL</BusinessObjectShortName>
            <BatchName>ExtractDeliveryOption</BatchName>
            <XmlAttributeList>ViewInstanceName,GroupingKey,DataElementName,OptionType,OptionValue,DeliveryOptionName,BaseDeliveryOptionName,DefinitionName,BlockName,RecordName,LegislationCode,LegislativeDataGroupName,ExtDeliveryOptionDetId,ExtDeliveryOptionId,OptionDataElementId,ExtDefinitionId,ReportBlockId,ReportRecordId,LegislativeDataGroupId</XmlAttributeList>
            <XmlAttributeTypeList>string,string,string,string,string,string,string,string,string,string,string,string,string,string,string,string,string,string,string</XmlAttributeTypeList>
            <XmlNodePath>/ExtractDeliveryOptionVO/ExtractDeliveryOptionVORow/ExtractDeliveryOptionDetailVO/ExtractDeliveryOptionDetailVORow</XmlNodePath>
            <NodeSequence>19</NodeSequence>
         </MigrationProcessBusinessObjectCSVMetadataVORow>
         <MigrationProcessBusinessObjectCSVMetadataVORow>
            <ProcessId>-999</ProcessId>
            <BusinessObjectShortName>ORA_PER_EXTRACT_REPORT_GROUP</BusinessObjectShortName>
            <BatchName>ExtractReportGroup</BatchName>
            <XmlAttributeList>ViewInstanceName,GroupingKey,LegislationCode,ReportGroupName,ShortName,LegislativeDataGroupName,ReportType,ReportQualifier,ReportCategory,BaseBlockName,BaseDefinitionName,ExtDefinitionId,LegislativeDataGroupId,RelReportBlockId,ReportFormatMappingId,ReportGroupId</XmlAttributeList>
            <XmlAttributeTypeList>string,string,string,string,string,string,string,string,string,string,string,string,string,string,string,string</XmlAttributeTypeList>
            <XmlNodePath>/ExtractReportGroupVO/ExtractReportGroupVORow</XmlNodePath>
            <NodeSequence>21</NodeSequence>
         </MigrationProcessBusinessObjectCSVMetadataVORow>
         <MigrationProcessBusinessObjectCSVMetadataVORow>
            <ProcessId>-999</ProcessId>
            <BusinessObjectShortName>PER_EXTRACT_DEFINTION</BusinessObjectShortName>
            <BatchName>ExtractDefinition</BatchName>
            <XmlAttributeList>ViewInstanceName,GroupingKey,DefinitionName,BaseDefinitionName,Description,XmlTagName,ExtTypeCode,DeliveryDefinitionName,LegislationCode,LegislativeDataGroupName,ValidStatus,SpecialHandlingFlag,RunElevated,KickoffDeliveryFlag,ExtGlobalFlag,Attribute27,Attribute28,Attribute29,Attribute30,BaseEventGroupName,LegislationCode2,LegislativeDataGroupName2,Attribute25,AttributeNumber18,AttributeNumber19,DateStart,Attribute24,CreatorType,AttributeNumber17,Attribute1,Attribute10,Attribute11,Attribute12,Attribute13,Attribute14,Attribute15,Attribute16,Attribute17,Attribute18,Attribute19,Attribute2,Attribute20,Attribute21,Attribute22,Attribute23,Attribute26,Attribute3,Attribute4,Attribute5,Attribute6,Attribute7,Attribute8,Attribute9,AttributeNumber1,AttributeNumber10,AttributeNumber11,AttributeNumber12,AttributeNumber13,AttributeNumber14,AttributeNumber15,AttributeNumber16,AttributeNumber2,AttributeNumber3,AttributeNumber4,AttributeNumber5,AttributeNumber6,AttributeNumber7,AttributeNumber8,AttributeNumber9,ExtDefinitionId,DeliveryExtDefinitionId,LegislativeDataGroupId,AttributeNumber20,LegislativeDataGroupId2</XmlAttributeList>
            <XmlAttributeTypeList>string,string,string,string,string,string,string,string,string,string,string,string,string,string,string,string,string,string,string,string,string,string,string,string,string,date,string,string,string,string,string,string,string,string,string,string,string,string,string,string,string,string,string,string,string,string,string,string,string,string,string,string,string,string,string,string,string,string,string,string,string,string,string,string,string,string,string,string,string,string,string,string,string,string</XmlAttributeTypeList>
            <XmlNodePath>/ExtractDefinitionVO/ExtractDefinitionVORow</XmlNodePath>
            <NodeSequence>1</NodeSequence>
         </MigrationProcessBusinessObjectCSVMetadataVORow>
         <MigrationProcessBusinessObjectCSVMetadataVORow>
            <ProcessId>-999</ProcessId>
            <BusinessObjectShortName>PER_EXTRACT_DEFINTION_TRANSLATION</BusinessObjectShortName>
            <BatchName>ExtractDefinition</BatchName>
            <XmlAttributeList>ViewInstanceName,GroupingKey,ExtDefinitionName,DefinitionName,Description,Language,SourceLang,LegislationCode,LegislativeDataGroupName,ExtDefinitionId,LegislativeDataGroupId</XmlAttributeList>
            <XmlAttributeTypeList>string,string,string,string,string,string,string,string,string,string,string</XmlAttributeTypeList>
            <XmlNodePath>/ExtractDefinitionVO/ExtractDefinitionVORow/ExtractDefinitionTranslationVO/ExtractDefinitionTranslationVORow</XmlNodePath>
            <NodeSequence>1</NodeSequence>
         </MigrationProcessBusinessObjectCSVMetadataVORow>
         <MigrationProcessBusinessObjectCSVMetadataVORow>
            <ProcessId>-999</ProcessId>
            <BusinessObjectShortName>ORA_PER_EXTRACT_ACTIONS</BusinessObjectShortName>
            <BatchName>ExtractRecord</BatchName>
            <XmlAttributeList>ViewInstanceName,GroupingKey,SequenceNumber,RecordName,ActionCode,ActionCondition,ActionMessage,MsgApplicationId,LegislationCode,LegislativeDataGroupName,DefinitionName,BlockName,BaseFormulaName,ExtActionId,ReportRecordId,ActionFormulaId,LegislativeDataGroupId,ExtDefinitionId,ReportBlockId</XmlAttributeList>
            <XmlAttributeTypeList>string,string,string,string,string,string,string,string,string,string,string,string,string,string,string,string,string,string,string</XmlAttributeTypeList>
            <XmlNodePath>/ExtractRecordVO/ExtractRecordVORow/ExtractRecordActionVO/ExtractRecordActionVORow</XmlNodePath>
            <NodeSequence>10</NodeSequence>
         </MigrationProcessBusinessObjectCSVMetadataVORow>
         <MigrationProcessBusinessObjectCSVMetadataVORow>
            <ProcessId>-999</ProcessId>
            <BusinessObjectShortName>ORA_PER_EXTRACT_DATAGROUP_CRITERIA</BusinessObjectShortName>
            <BatchName>ExtractBlock</BatchName>
            <XmlAttributeList>ViewInstanceName,GroupingKey,LogicalStartDate,LogicalEndDate,EffectiveStartDate,EffectiveEndDate,DefinitionName,BlockName,Criteria,CriteriaFlag,DispCriteriaExp,LegislationCode,LegislativeDataGroupName,BaseFormulaName,TemplateBlockId,CriteriaClob,DispCriteriaExpClob,RepCriteriaId,ExtDefinitionId,ReportBlockId,FormulaId,LegislativeDataGroupId</XmlAttributeList>
            <XmlAttributeTypeList>string,string,date,date,date,date,string,string,string,string,string,string,string,string,string,clob,clob,string,string,string,string,string</XmlAttributeTypeList>
            <XmlNodePath>/ExtractBlockVO/ExtractBlockVORow/ExtractBlockCriteriaVO/ExtractBlockCriteriaVORow</XmlNodePath>
            <NodeSequence>6</NodeSequence>
         </MigrationProcessBusinessObjectCSVMetadataVORow>
         <MigrationProcessBusinessObjectCSVMetadataVORow>
            <ProcessId>-999</ProcessId>
            <BusinessObjectShortName>ORA_PER_EXTRACT_DATAGROUP_ROW</BusinessObjectShortName>
            <BatchName>ExtractRecord</BatchName>
            <XmlAttributeList>ViewInstanceName,GroupingKey,LogicalStartDate,LogicalEndDate,EffectiveStartDate,EffectiveEndDate,BlockName,RecordName,Description,BaseRecordName,RecordSequence,XmlTagName,TypeCode,ProcessCode,XmlProcName,HideFlag,RequiredFlag,JavaClassName,NextBlockName,FlexStructureCode,LegislationCode,LegislativeDataGroupName,DefinitionName,UpdatableRecord,LastRunExecutedMode,OverflowMode,Sequence,BaseFormulaName,BaseGroupUsageName,Attribute28,ReportRecordId,ReportBlockId,NextBlockId,BalanceGroupUsageId,LegislativeDataGroupId,ExtDefinitionId</XmlAttributeList>
            <XmlAttributeTypeList>string,string,date,date,date,date,string,string,string,string,string,string,string,string,string,string,string,string,string,string,string,string,string,string,string,string,string,string,string,string,string,string,string,string,string,string</XmlAttributeTypeList>
            <XmlNodePath>/ExtractRecordVO/ExtractRecordVORow</XmlNodePath>
            <NodeSequence>9</NodeSequence>
         </MigrationProcessBusinessObjectCSVMetadataVORow>
         <MigrationProcessBusinessObjectCSVMetadataVORow>
            <ProcessId>-999</ProcessId>
            <BusinessObjectShortName>ORA_PER_EXTRACT_DATAGROUP_ROW_TRANSLATION</BusinessObjectShortName>
            <BatchName>ExtractRecord</BatchName>
            <XmlAttributeList>ViewInstanceName,GroupingKey,RecordName,Description,Language,SourceLang,ReportRecordName,DefinitionName,BlockName,LegislativeDataGroupName,ReportRecordId,ExtDefinitionId,ReportBlockId,LegislativeDataGroupId</XmlAttributeList>
            <XmlAttributeTypeList>string,string,string,string,string,string,string,string,string,string,string,string,string,string</XmlAttributeTypeList>
            <XmlNodePath>/ExtractRecordVO/ExtractRecordVORow/ExtractRecordTranslationVO/ExtractRecordTranslationVORow</XmlNodePath>
            <NodeSequence>9</NodeSequence>
         </MigrationProcessBusinessObjectCSVMetadataVORow>
         <MigrationProcessBusinessObjectCSVMetadataVORow>
            <ProcessId>-999</ProcessId>
            <BusinessObjectShortName>ORA_PER_EXTRACT_DATA_CONDS_ACTION</BusinessObjectShortName>
            <BatchName>ExtractDataElement</BatchName>
            <XmlAttributeList>ViewInstanceName,GroupingKey,DefinitionName,BlockName,RecordName,SequenceNumber,DataElementName,ActionCode,ActionCondition,ActionMessage,MsgApplicationId,LegislationCode,LegislativeDataGroupName,BaseFormulaName,ExtActionId,ExtDefinitionId,ReportBlockId,ReportRecordId,ExtDataElementId,ActionFormulaId,LegislativeDataGroupId</XmlAttributeList>
            <XmlAttributeTypeList>string,string,string,string,string,string,string,string,string,string,string,string,string,string,string,string,string,string,string,string,string</XmlAttributeTypeList>
            <XmlNodePath>/ExtractDataElementVO/ExtractDataElementVORow/ExtractActionVO/ExtractActionVORow</XmlNodePath>
            <NodeSequence>16</NodeSequence>
         </MigrationProcessBusinessObjectCSVMetadataVORow>
         <MigrationProcessBusinessObjectCSVMetadataVORow>
            <ProcessId>-999</ProcessId>
            <BusinessObjectShortName>ORA_PER_EXTRACT_DATA_ELEMENTS</BusinessObjectShortName>
            <BatchName>ExtractDataElement</BatchName>
            <XmlAttributeList>ViewInstanceName,GroupingKey,DefinitionName,BlockName,RecordName,StartDate,EndDate,DataElementName,BaseDataElementName,XmlTagName,DataType,TypeCode,GroupName,DefaultValue,FunctionExpression,TransformedExpression,GroupDataElementName,GroupFunctionCode,Description,InformationColumn,InformationLabel,ShortCode,StringValue,VoName,UiHideFlag,UpdatableDataElement,ContextFlag,HideFlag,RequiredFlag,LegislationCode,LegislativeDataGroupName,BaseGroupName,ExtParamName,RuleFormulaName,RecordTypeCode,MarkAsChanged,KeyFlag,GroupRecordName,GroupBlockName,Attribute29,Attribute30,Attribute28,Attribute20,Attribute21,Attribute22,Attribute23,Attribute24,Attribute25,Attribute26,Attribute27,AttributeDate11,AttributeDate12,AttributeDate13,AttributeDate14,AttributeDate15,AttributeNumber16,AttributeNumber17,AttributeNumber18,AttributeNumber19,AttributeNumber20,ExtDataElementId,ReportRecordId,DbiGroupId,ExtParamId,GroupDataElementId,GroupRecordId,RuleId,LegislativeDataGroupId,ExtDefinitionId,ReportBlockId,GroupBlockId</XmlAttributeList>
            <XmlAttributeTypeList>string,string,string,string,string,date,date,string,string,string,string,string,string,string,string,string,string,string,string,string,string,string,string,string,string,string,string,string,string,string,string,string,string,string,string,string,string,string,string,string,string,string,string,string,string,string,string,string,string,string,date,date,date,date,date,string,string,string,string,string,string,string,string,string,string,string,string,string,string,string,string</XmlAttributeTypeList>
            <XmlNodePath>/ExtractDataElementVO/ExtractDataElementVORow</XmlNodePath>
            <NodeSequence>14</NodeSequence>
         </MigrationProcessBusinessObjectCSVMetadataVORow>
         <MigrationProcessBusinessObjectCSVMetadataVORow>
            <ProcessId>-999</ProcessId>
            <BusinessObjectShortName>ORA_PER_EXTRACT_DATA_ELEMENTS_TRANSLATION</BusinessObjectShortName>
            <BatchName>ExtractDataElement</BatchName>
            <XmlAttributeList>ViewInstanceName,GroupingKey,ExtDataElementName,DefinitionName,BlockName,RecordName,DataElementName,Description,Language,SourceLang,LegislativeDataGroupName,LegislationCode,ExtDataElementId,ExtDefinitionId,ReportBlockId,ReportRecordId,LegislativeDataGroupId</XmlAttributeList>
            <XmlAttributeTypeList>string,string,string,string,string,string,string,string,string,string,string,string,string,string,string,string,string</XmlAttributeTypeList>
            <XmlNodePath>/ExtractDataElementVO/ExtractDataElementVORow/ExtractDataElementTranslationVO/ExtractDataElementTranslationVORow</XmlNodePath>
            <NodeSequence>14</NodeSequence>
         </MigrationProcessBusinessObjectCSVMetadataVORow>
      </MigrationProcessBusinessObjectCSVMetadata1>
      <MigrationProcessBatchCSVMetadata>
         <MigrationProcessBatchCSVMetadataVORow>
            <ProcessId>-999</ProcessId>
            <BatchName>ExtractDefinition</BatchName>
            <ImportSequence>0</ImportSequence>
            <ServiceName>oracle.apps.hcm.extracts.setup.extractDefinitionMigrationServiceV2.ExtractDefinitionMigrationService</ServiceName>
            <BatchSize>500</BatchSize>
         </MigrationProcessBatchCSVMetadataVORow>
         <MigrationProcessBatchCSVMetadataVORow>
            <ProcessId>-999</ProcessId>
            <BatchName>ExtractBlock</BatchName>
            <ImportSequence>1</ImportSequence>
            <ServiceName>oracle.apps.hcm.extracts.setup.extractDefinitionMigrationServiceV2.ExtractDefinitionMigrationService</ServiceName>
            <BatchSize null="true"/>
         </MigrationProcessBatchCSVMetadataVORow>
         <MigrationProcessBatchCSVMetadataVORow>
            <ProcessId>-999</ProcessId>
            <BatchName>ExtractRecord</BatchName>
            <ImportSequence>2</ImportSequence>
            <ServiceName>oracle.apps.hcm.extracts.setup.extractDefinitionMigrationServiceV2.ExtractDefinitionMigrationService</ServiceName>
            <BatchSize null="true"/>
         </MigrationProcessBatchCSVMetadataVORow>
         <MigrationProcessBatchCSVMetadataVORow>
            <ProcessId>-999</ProcessId>
            <BatchName>ExtractDataElement</BatchName>
            <ImportSequence>3</ImportSequence>
            <ServiceName>oracle.apps.hcm.extracts.setup.extractDefinitionMigrationServiceV2.ExtractDefinitionMigrationService</ServiceName>
            <BatchSize null="true"/>
         </MigrationProcessBatchCSVMetadataVORow>
         <MigrationProcessBatchCSVMetadataVORow>
            <ProcessId>-999</ProcessId>
            <BatchName>ExtractDeliveryOption</BatchName>
            <ImportSequence>4</ImportSequence>
            <ServiceName>oracle.apps.hcm.extracts.setup.extractDefinitionMigrationServiceV2.ExtractDefinitionMigrationService</ServiceName>
            <BatchSize null="true"/>
         </MigrationProcessBatchCSVMetadataVORow>
         <MigrationProcessBatchCSVMetadataVORow>
            <ProcessId>-999</ProcessId>
            <BatchName>ExtractReportGroup</BatchName>
            <ImportSequence>5</ImportSequence>
            <ServiceName>oracle.apps.hcm.extracts.setup.extractDefinitionMigrationServiceV2.ExtractDefinitionMigrationService</ServiceName>
            <BatchSize null="true"/>
         </MigrationProcessBatchCSVMetadataVORow>
      </MigrationProcessBatchCSVMetadata>
      <MigrationProcessScopeValueCSVMetadata>
         <MigrationProcessScopeValueCSVMetadataVORow>
            <ProcessId>-999</ProcessId>
            <MigScopeValueSetId>100002583350175</MigScopeValueSetId>
            <BusinessObjectShortName>PER_EXTRACT_DEFINTION</BusinessObjectShortName>
            <ScopeValueBoAttributeId>ExtDefinitionId</ScopeValueBoAttributeId>
            <ScopeValueBoAttributeValue>SKHUBCHA_extract_test</ScopeValueBoAttributeValue>
            <ScopeValueBoAttributeValueCode>300005641855259</ScopeValueBoAttributeValueCode>
         </MigrationProcessScopeValueCSVMetadataVORow>
      </MigrationProcessScopeValueCSVMetadata>
      <MigrationProcessMigrationObjectCSVMetadata>
         <MigrationProcessMigrationObjectCSVMetadataVORow>
            <ProcessId>-999</ProcessId>
            <BusinessObjectShortName>ORA_PER_EXTRACT_ACTIONS</BusinessObjectShortName>
            <MigrateFlag>Y</MigrateFlag>
            <IncludeExternalDataFlag>Y</IncludeExternalDataFlag>
         </MigrationProcessMigrationObjectCSVMetadataVORow>
         <MigrationProcessMigrationObjectCSVMetadataVORow>
            <ProcessId>-999</ProcessId>
            <BusinessObjectShortName>ORA_PER_EXTRACT_BLOCK_LINKS</BusinessObjectShortName>
            <MigrateFlag>Y</MigrateFlag>
            <IncludeExternalDataFlag>Y</IncludeExternalDataFlag>
         </MigrationProcessMigrationObjectCSVMetadataVORow>
         <MigrationProcessMigrationObjectCSVMetadataVORow>
            <ProcessId>-999</ProcessId>
            <BusinessObjectShortName>ORA_PER_EXTRACT_DATAGROUP</BusinessObjectShortName>
            <MigrateFlag>Y</MigrateFlag>
            <IncludeExternalDataFlag>Y</IncludeExternalDataFlag>
         </MigrationProcessMigrationObjectCSVMetadataVORow>
         <MigrationProcessMigrationObjectCSVMetadataVORow>
            <ProcessId>-999</ProcessId>
            <BusinessObjectShortName>ORA_PER_EXTRACT_DATAGROUP_CRITERIA</BusinessObjectShortName>
            <MigrateFlag>Y</MigrateFlag>
            <IncludeExternalDataFlag>Y</IncludeExternalDataFlag>
         </MigrationProcessMigrationObjectCSVMetadataVORow>
         <MigrationProcessMigrationObjectCSVMetadataVORow>
            <ProcessId>-999</ProcessId>
            <BusinessObjectShortName>ORA_PER_EXTRACT_DATAGROUP_ROW</BusinessObjectShortName>
            <MigrateFlag>Y</MigrateFlag>
            <IncludeExternalDataFlag>Y</IncludeExternalDataFlag>
         </MigrationProcessMigrationObjectCSVMetadataVORow>
         <MigrationProcessMigrationObjectCSVMetadataVORow>
            <ProcessId>-999</ProcessId>
            <BusinessObjectShortName>ORA_PER_EXTRACT_DATA_CONDS_ACTION</BusinessObjectShortName>
            <MigrateFlag>Y</MigrateFlag>
            <IncludeExternalDataFlag>Y</IncludeExternalDataFlag>
         </MigrationProcessMigrationObjectCSVMetadataVORow>
         <MigrationProcessMigrationObjectCSVMetadataVORow>
            <ProcessId>-999</ProcessId>
            <BusinessObjectShortName>ORA_PER_EXTRACT_DATA_ELEMENTS</BusinessObjectShortName>
            <MigrateFlag>Y</MigrateFlag>
            <IncludeExternalDataFlag>Y</IncludeExternalDataFlag>
         </MigrationProcessMigrationObjectCSVMetadataVORow>
         <MigrationProcessMigrationObjectCSVMetadataVORow>
            <ProcessId>-999</ProcessId>
            <BusinessObjectShortName>ORA_PER_EXTRACT_DATA_ELMNT_CONDS</BusinessObjectShortName>
            <MigrateFlag>Y</MigrateFlag>
            <IncludeExternalDataFlag>Y</IncludeExternalDataFlag>
         </MigrationProcessMigrationObjectCSVMetadataVORow>
         <MigrationProcessMigrationObjectCSVMetadataVORow>
            <ProcessId>-999</ProcessId>
            <BusinessObjectShortName>ORA_PER_EXTRACT_DELIVERY_OPTIONS</BusinessObjectShortName>
            <MigrateFlag>Y</MigrateFlag>
            <IncludeExternalDataFlag>Y</IncludeExternalDataFlag>
         </MigrationProcessMigrationObjectCSVMetadataVORow>
         <MigrationProcessMigrationObjectCSVMetadataVORow>
            <ProcessId>-999</ProcessId>
            <BusinessObjectShortName>ORA_PER_EXTRACT_DELIVERY_OPTIONS_DETL</BusinessObjectShortName>
            <MigrateFlag>Y</MigrateFlag>
            <IncludeExternalDataFlag>Y</IncludeExternalDataFlag>
         </MigrationProcessMigrationObjectCSVMetadataVORow>
         <MigrationProcessMigrationObjectCSVMetadataVORow>
            <ProcessId>-999</ProcessId>
            <BusinessObjectShortName>ORA_PER_EXTRACT_PARAMETERS</BusinessObjectShortName>
            <MigrateFlag>Y</MigrateFlag>
            <IncludeExternalDataFlag>Y</IncludeExternalDataFlag>
         </MigrationProcessMigrationObjectCSVMetadataVORow>
         <MigrationProcessMigrationObjectCSVMetadataVORow>
            <ProcessId>-999</ProcessId>
            <BusinessObjectShortName>ORA_PER_EXTRACT_RECORD_EXCLUSION_RULE</BusinessObjectShortName>
            <MigrateFlag>Y</MigrateFlag>
            <IncludeExternalDataFlag>Y</IncludeExternalDataFlag>
         </MigrationProcessMigrationObjectCSVMetadataVORow>
         <MigrationProcessMigrationObjectCSVMetadataVORow>
            <ProcessId>-999</ProcessId>
            <BusinessObjectShortName>ORA_PER_EXTRACT_RECORD_SORT_ORDER</BusinessObjectShortName>
            <MigrateFlag>Y</MigrateFlag>
            <IncludeExternalDataFlag>Y</IncludeExternalDataFlag>
         </MigrationProcessMigrationObjectCSVMetadataVORow>
         <MigrationProcessMigrationObjectCSVMetadataVORow>
            <ProcessId>-999</ProcessId>
            <BusinessObjectShortName>ORA_PER_EXTRACT_REPORT_CATEGORY</BusinessObjectShortName>
            <MigrateFlag>Y</MigrateFlag>
            <IncludeExternalDataFlag>Y</IncludeExternalDataFlag>
         </MigrationProcessMigrationObjectCSVMetadataVORow>
         <MigrationProcessMigrationObjectCSVMetadataVORow>
            <ProcessId>-999</ProcessId>
            <BusinessObjectShortName>ORA_PER_EXTRACT_REPORT_CATEGORY_COMPONENT</BusinessObjectShortName>
            <MigrateFlag>Y</MigrateFlag>
            <IncludeExternalDataFlag>Y</IncludeExternalDataFlag>
         </MigrationProcessMigrationObjectCSVMetadataVORow>
         <MigrationProcessMigrationObjectCSVMetadataVORow>
            <ProcessId>-999</ProcessId>
            <BusinessObjectShortName>ORA_PER_EXTRACT_REPORT_DEFINITION</BusinessObjectShortName>
            <MigrateFlag>Y</MigrateFlag>
            <IncludeExternalDataFlag>Y</IncludeExternalDataFlag>
         </MigrationProcessMigrationObjectCSVMetadataVORow>
         <MigrationProcessMigrationObjectCSVMetadataVORow>
            <ProcessId>-999</ProcessId>
            <BusinessObjectShortName>ORA_PER_EXTRACT_REPORT_GROUP</BusinessObjectShortName>
            <MigrateFlag>Y</MigrateFlag>
            <IncludeExternalDataFlag>Y</IncludeExternalDataFlag>
         </MigrationProcessMigrationObjectCSVMetadataVORow>
         <MigrationProcessMigrationObjectCSVMetadataVORow>
            <ProcessId>-999</ProcessId>
            <BusinessObjectShortName>PER_EXTRACT_DEFINTION</BusinessObjectShortName>
            <MigrateFlag>Y</MigrateFlag>
            <IncludeExternalDataFlag>Y</IncludeExternalDataFlag>
         </MigrationProcessMigrationObjectCSVMetadataVORow>
      </MigrationProcessMigrationObjectCSVMetadata>
      <MigrationProcessTaskCSVMetadata null="true"/>
      <MigrationProcessServiceVersionCSVMetadata null="true"/>
   </MigrationProcessCSVMetadataVORow>
</MigrationProcessCSVMetadataVO>