"DataElementName","RecordName","BlockName","DefinitionName","ViewInstanceName","GroupingKey","StartDate","EndDate","BaseDataElementName","XmlTagName","DataType","TypeCode","GroupName","DefaultValue","FunctionExpression","TransformedExpression","GroupDataElementName","GroupFunctionCode","Description","InformationColumn","InformationLabel","ShortCode","StringValue","VoName","UiHideFlag","UpdatableDataElement","ContextFlag","HideFlag","RequiredFlag","LegislationCode","LegislativeDataGroupName","BaseGroupName","ExtParamName","RuleFormulaName","RecordTypeCode","MarkAsChanged","KeyFlag","GroupRecordName","GroupBlockName","Attribute29","Attribute30","Attribute28","Attribute20","Attribute21","Attribute22","Attribute23","Attribute24","Attribute25","Attribute26","Attribute27","AttributeDate11","AttributeDate12","AttributeDate13","AttributeDate14","AttributeDate15","AttributeNumber16","AttributeNumber17","AttributeNumber18","AttributeNumber19","AttributeNumber20","ExtDataElementId","ReportRecordId","DbiGroupId","ExtParamId","GroupDataElementId","GroupRecordId","RuleId","LegislativeDataGroupId","ExtDefinitionId","ReportBlockId","GroupBlockId"
"Extract Person Number","person_details","Person","SKHUBCHA_extract_test","ExtractDataElement","Extract Person Number,person_details,Person,SKHUBCHA_extract_test,null","2000/01/01","4712/12/31","Extract Person Number","Extract_Person_Number","T","F","","","","","","","","1","Extract_Person_Number","Extract_Person_Number","","","","","","","","","","PER_EXT_PER_PERSON_NUMBER","","","D","","","","","","","","","","","","","","","","","","","","","","","","","","","","","#null","#null","#null","#null","#null","","","#null"
"Extract Person Primary E-Mail ID","person_details","Person","SKHUBCHA_extract_test","ExtractDataElement","Extract Person Primary E-Mail ID,person_details,Person,SKHUBCHA_extract_test,null","2000/01/01","4712/12/31","Extract Person Primary E-Mail ID","Extract_Person_Primary_EMail_ID","N","F","","","","","","","","2","Extract_Person_Primary_EMail_ID","EPPEI2","","","","","","","","","","PER_EXT_PER_PRIMARY_EMAIL_ID","","","D","","","","","","","","","","","","","","","","","","","","","","","","","","","","","#null","#null","#null","#null","#null","","","#null"
"Extract Person Primary National Identifier ID","person_details","Person","SKHUBCHA_extract_test","ExtractDataElement","Extract Person Primary National Identifier ID,person_details,Person,SKHUBCHA_extract_test,null","2000/01/01","4712/12/31","Extract Person Primary National Identifier ID","Extract_Person_Primary_National_Identifier_ID","N","F","","","","","","","","3","Extract_Person_Primary_National_Identifier_ID","EPPNII3","","","","","","","","","","PER_EXT_PER_PRIMARY_NID_ID","","","D","","","","","","","","","","","","","","","","","","","","","","","","","","","","","#null","#null","#null","#null","#null","","","#null"
"Extract Person Legal Entity ID","person_details","Person","SKHUBCHA_extract_test","ExtractDataElement","Extract Person Legal Entity ID,person_details,Person,SKHUBCHA_extract_test,null","2000/01/01","4712/12/31","Extract Person Legal Entity ID","Extract_Person_Legal_Entity_ID","N","F","","","","","","","","4","Extract_Person_Legal_Entity_ID","Extract_Person_Legal_Entity_ID","","","","","","","","","","PER_EXT_PER_LEGAL_ENTITY_ID","","","D","","","","","","","","","","","","","","","","","","","","","","","","","","","","","#null","#null","#null","#null","#null","","","#null"
