"ORA_PER_EXTRACT_DATA_ELEMENTS.DataElementName","ORA_PER_EXTRACT_DATA_ELEMENTS.RecordName","ORA_PER_EXTRACT_DATA_ELEMENTS.BlockName","ORA_PER_EXTRACT_DATA_ELEMENTS.DefinitionName","ViewInstanceName","GroupingKey","ExtDataElementName","DefinitionName","BlockName","RecordName","DataElementName","Description","Language","SourceLang","LegislativeDataGroupName","LegislationCode","ExtDataElementId","ExtDefinitionId","ReportBlockId","ReportRecordId","LegislativeDataGroupId"
"Extract Person Number","person_details","Person","SKHUBCHA_extract_test","ExtractDataElementTranslation","person_details,Person,SKHUBCHA_extract_test,null,Extract Person Number","Extract Person Number","SKHUBCHA_extract_test","Person","person_details","Extract Person Number","","CS","US","","","","","","","#null"
"Extract Person Number","person_details","Person","SKHUBCHA_extract_test","ExtractDataElementTranslation","person_details,Person,SKHUBCHA_extract_test,null,Extract Person Number","Extract Person Number","SKHUBCHA_extract_test","Person","person_details","Extract Person Number","","D","US","","","","","","","#null"
"Extract Person Number","person_details","Person","SKHUBCHA_extract_test","ExtractDataElementTranslation","person_details,Person,SKHUBCHA_extract_test,null,Extract Person Number","Extract Person Number","SKHUBCHA_extract_test","Person","person_details","Extract Person Number","","DK","US","","","","","","","#null"
"Extract Person Number","person_details","Person","SKHUBCHA_extract_test","ExtractDataElementTranslation","person_details,Person,SKHUBCHA_extract_test,null,Extract Person Number","Extract Person Number","SKHUBCHA_extract_test","Person","person_details","Extract Person Number","","E","US","","","","","","","#null"
"Extract Person Number","person_details","Person","SKHUBCHA_extract_test","ExtractDataElementTranslation","person_details,Person,SKHUBCHA_extract_test,null,Extract Person Number","Extract Person Number","SKHUBCHA_extract_test","Person","person_details","Extract Person Number","","F","US","","","","","","","#null"
"Extract Person Number","person_details","Person","SKHUBCHA_extract_test","ExtractDataElementTranslation","person_details,Person,SKHUBCHA_extract_test,null,Extract Person Number","Extract Person Number","SKHUBCHA_extract_test","Person","person_details","Extract Person Number","","FRC","US","","","","","","","#null"
"Extract Person Number","person_details","Person","SKHUBCHA_extract_test","ExtractDataElementTranslation","person_details,Person,SKHUBCHA_extract_test,null,Extract Person Number","Extract Person Number","SKHUBCHA_extract_test","Person","person_details","Extract Person Number","","HU","US","","","","","","","#null"
"Extract Person Number","person_details","Person","SKHUBCHA_extract_test","ExtractDataElementTranslation","person_details,Person,SKHUBCHA_extract_test,null,Extract Person Number","Extract Person Number","SKHUBCHA_extract_test","Person","person_details","Extract Person Number","","I","US","","","","","","","#null"
"Extract Person Number","person_details","Person","SKHUBCHA_extract_test","ExtractDataElementTranslation","person_details,Person,SKHUBCHA_extract_test,null,Extract Person Number","Extract Person Number","SKHUBCHA_extract_test","Person","person_details","Extract Person Number","","KO","US","","","","","","","#null"
"Extract Person Number","person_details","Person","SKHUBCHA_extract_test","ExtractDataElementTranslation","person_details,Person,SKHUBCHA_extract_test,null,Extract Person Number","Extract Person Number","SKHUBCHA_extract_test","Person","person_details","Extract Person Number","","N","US","","","","","","","#null"
"Extract Person Number","person_details","Person","SKHUBCHA_extract_test","ExtractDataElementTranslation","person_details,Person,SKHUBCHA_extract_test,null,Extract Person Number","Extract Person Number","SKHUBCHA_extract_test","Person","person_details","Extract Person Number","","NL","US","","","","","","","#null"
"Extract Person Number","person_details","Person","SKHUBCHA_extract_test","ExtractDataElementTranslation","person_details,Person,SKHUBCHA_extract_test,null,Extract Person Number","Extract Person Number","SKHUBCHA_extract_test","Person","person_details","Extract Person Number","","PL","US","","","","","","","#null"
"Extract Person Number","person_details","Person","SKHUBCHA_extract_test","ExtractDataElementTranslation","person_details,Person,SKHUBCHA_extract_test,null,Extract Person Number","Extract Person Number","SKHUBCHA_extract_test","Person","person_details","Extract Person Number","","PTB","US","","","","","","","#null"
"Extract Person Number","person_details","Person","SKHUBCHA_extract_test","ExtractDataElementTranslation","person_details,Person,SKHUBCHA_extract_test,null,Extract Person Number","Extract Person Number","SKHUBCHA_extract_test","Person","person_details","Extract Person Number","","RO","US","","","","","","","#null"
"Extract Person Number","person_details","Person","SKHUBCHA_extract_test","ExtractDataElementTranslation","person_details,Person,SKHUBCHA_extract_test,null,Extract Person Number","Extract Person Number","SKHUBCHA_extract_test","Person","person_details","Extract Person Number","","S","US","","","","","","","#null"
"Extract Person Number","person_details","Person","SKHUBCHA_extract_test","ExtractDataElementTranslation","person_details,Person,SKHUBCHA_extract_test,null,Extract Person Number","Extract Person Number","SKHUBCHA_extract_test","Person","person_details","Extract Person Number","","SF","US","","","","","","","#null"
"Extract Person Number","person_details","Person","SKHUBCHA_extract_test","ExtractDataElementTranslation","person_details,Person,SKHUBCHA_extract_test,null,Extract Person Number","Extract Person Number","SKHUBCHA_extract_test","Person","person_details","Extract Person Number","","TH","US","","","","","","","#null"
"Extract Person Number","person_details","Person","SKHUBCHA_extract_test","ExtractDataElementTranslation","person_details,Person,SKHUBCHA_extract_test,null,Extract Person Number","Extract Person Number","SKHUBCHA_extract_test","Person","person_details","Extract Person Number","","TR","US","","","","","","","#null"
"Extract Person Number","person_details","Person","SKHUBCHA_extract_test","ExtractDataElementTranslation","person_details,Person,SKHUBCHA_extract_test,null,Extract Person Number","Extract Person Number","SKHUBCHA_extract_test","Person","person_details","Extract Person Number","","US","US","","","","","","","#null"
"Extract Person Number","person_details","Person","SKHUBCHA_extract_test","ExtractDataElementTranslation","person_details,Person,SKHUBCHA_extract_test,null,Extract Person Number","Extract Person Number","SKHUBCHA_extract_test","Person","person_details","Extract Person Number","","VN","US","","","","","","","#null"
"Extract Person Number","person_details","Person","SKHUBCHA_extract_test","ExtractDataElementTranslation","person_details,Person,SKHUBCHA_extract_test,null,Extract Person Number","Extract Person Number","SKHUBCHA_extract_test","Person","person_details","Extract Person Number","","ZHS","US","","","","","","","#null"
"Extract Person Number","person_details","Person","SKHUBCHA_extract_test","ExtractDataElementTranslation","person_details,Person,SKHUBCHA_extract_test,null,Extract Person Number","Extract Person Number","SKHUBCHA_extract_test","Person","person_details","Extract Person Number","","ZHT","US","","","","","","","#null"
"Extract Person Primary E-Mail ID","person_details","Person","SKHUBCHA_extract_test","ExtractDataElementTranslation","person_details,Person,SKHUBCHA_extract_test,null,Extract Person Primary E-Mail ID","Extract Person Primary E-Mail ID","SKHUBCHA_extract_test","Person","person_details","Extract Person Primary E-Mail ID","","CS","US","","","","","","","#null"
"Extract Person Primary E-Mail ID","person_details","Person","SKHUBCHA_extract_test","ExtractDataElementTranslation","person_details,Person,SKHUBCHA_extract_test,null,Extract Person Primary E-Mail ID","Extract Person Primary E-Mail ID","SKHUBCHA_extract_test","Person","person_details","Extract Person Primary E-Mail ID","","D","US","","","","","","","#null"
"Extract Person Primary E-Mail ID","person_details","Person","SKHUBCHA_extract_test","ExtractDataElementTranslation","person_details,Person,SKHUBCHA_extract_test,null,Extract Person Primary E-Mail ID","Extract Person Primary E-Mail ID","SKHUBCHA_extract_test","Person","person_details","Extract Person Primary E-Mail ID","","DK","US","","","","","","","#null"
"Extract Person Primary E-Mail ID","person_details","Person","SKHUBCHA_extract_test","ExtractDataElementTranslation","person_details,Person,SKHUBCHA_extract_test,null,Extract Person Primary E-Mail ID","Extract Person Primary E-Mail ID","SKHUBCHA_extract_test","Person","person_details","Extract Person Primary E-Mail ID","","E","US","","","","","","","#null"
"Extract Person Primary E-Mail ID","person_details","Person","SKHUBCHA_extract_test","ExtractDataElementTranslation","person_details,Person,SKHUBCHA_extract_test,null,Extract Person Primary E-Mail ID","Extract Person Primary E-Mail ID","SKHUBCHA_extract_test","Person","person_details","Extract Person Primary E-Mail ID","","F","US","","","","","","","#null"
"Extract Person Primary E-Mail ID","person_details","Person","SKHUBCHA_extract_test","ExtractDataElementTranslation","person_details,Person,SKHUBCHA_extract_test,null,Extract Person Primary E-Mail ID","Extract Person Primary E-Mail ID","SKHUBCHA_extract_test","Person","person_details","Extract Person Primary E-Mail ID","","FRC","US","","","","","","","#null"
"Extract Person Primary E-Mail ID","person_details","Person","SKHUBCHA_extract_test","ExtractDataElementTranslation","person_details,Person,SKHUBCHA_extract_test,null,Extract Person Primary E-Mail ID","Extract Person Primary E-Mail ID","SKHUBCHA_extract_test","Person","person_details","Extract Person Primary E-Mail ID","","HU","US","","","","","","","#null"
"Extract Person Primary E-Mail ID","person_details","Person","SKHUBCHA_extract_test","ExtractDataElementTranslation","person_details,Person,SKHUBCHA_extract_test,null,Extract Person Primary E-Mail ID","Extract Person Primary E-Mail ID","SKHUBCHA_extract_test","Person","person_details","Extract Person Primary E-Mail ID","","I","US","","","","","","","#null"
"Extract Person Primary E-Mail ID","person_details","Person","SKHUBCHA_extract_test","ExtractDataElementTranslation","person_details,Person,SKHUBCHA_extract_test,null,Extract Person Primary E-Mail ID","Extract Person Primary E-Mail ID","SKHUBCHA_extract_test","Person","person_details","Extract Person Primary E-Mail ID","","KO","US","","","","","","","#null"
"Extract Person Primary E-Mail ID","person_details","Person","SKHUBCHA_extract_test","ExtractDataElementTranslation","person_details,Person,SKHUBCHA_extract_test,null,Extract Person Primary E-Mail ID","Extract Person Primary E-Mail ID","SKHUBCHA_extract_test","Person","person_details","Extract Person Primary E-Mail ID","","N","US","","","","","","","#null"
"Extract Person Primary E-Mail ID","person_details","Person","SKHUBCHA_extract_test","ExtractDataElementTranslation","person_details,Person,SKHUBCHA_extract_test,null,Extract Person Primary E-Mail ID","Extract Person Primary E-Mail ID","SKHUBCHA_extract_test","Person","person_details","Extract Person Primary E-Mail ID","","NL","US","","","","","","","#null"
"Extract Person Primary E-Mail ID","person_details","Person","SKHUBCHA_extract_test","ExtractDataElementTranslation","person_details,Person,SKHUBCHA_extract_test,null,Extract Person Primary E-Mail ID","Extract Person Primary E-Mail ID","SKHUBCHA_extract_test","Person","person_details","Extract Person Primary E-Mail ID","","PL","US","","","","","","","#null"
"Extract Person Primary E-Mail ID","person_details","Person","SKHUBCHA_extract_test","ExtractDataElementTranslation","person_details,Person,SKHUBCHA_extract_test,null,Extract Person Primary E-Mail ID","Extract Person Primary E-Mail ID","SKHUBCHA_extract_test","Person","person_details","Extract Person Primary E-Mail ID","","PTB","US","","","","","","","#null"
"Extract Person Primary E-Mail ID","person_details","Person","SKHUBCHA_extract_test","ExtractDataElementTranslation","person_details,Person,SKHUBCHA_extract_test,null,Extract Person Primary E-Mail ID","Extract Person Primary E-Mail ID","SKHUBCHA_extract_test","Person","person_details","Extract Person Primary E-Mail ID","","RO","US","","","","","","","#null"
"Extract Person Primary E-Mail ID","person_details","Person","SKHUBCHA_extract_test","ExtractDataElementTranslation","person_details,Person,SKHUBCHA_extract_test,null,Extract Person Primary E-Mail ID","Extract Person Primary E-Mail ID","SKHUBCHA_extract_test","Person","person_details","Extract Person Primary E-Mail ID","","S","US","","","","","","","#null"
"Extract Person Primary E-Mail ID","person_details","Person","SKHUBCHA_extract_test","ExtractDataElementTranslation","person_details,Person,SKHUBCHA_extract_test,null,Extract Person Primary E-Mail ID","Extract Person Primary E-Mail ID","SKHUBCHA_extract_test","Person","person_details","Extract Person Primary E-Mail ID","","SF","US","","","","","","","#null"
"Extract Person Primary E-Mail ID","person_details","Person","SKHUBCHA_extract_test","ExtractDataElementTranslation","person_details,Person,SKHUBCHA_extract_test,null,Extract Person Primary E-Mail ID","Extract Person Primary E-Mail ID","SKHUBCHA_extract_test","Person","person_details","Extract Person Primary E-Mail ID","","TH","US","","","","","","","#null"
"Extract Person Primary E-Mail ID","person_details","Person","SKHUBCHA_extract_test","ExtractDataElementTranslation","person_details,Person,SKHUBCHA_extract_test,null,Extract Person Primary E-Mail ID","Extract Person Primary E-Mail ID","SKHUBCHA_extract_test","Person","person_details","Extract Person Primary E-Mail ID","","TR","US","","","","","","","#null"
"Extract Person Primary E-Mail ID","person_details","Person","SKHUBCHA_extract_test","ExtractDataElementTranslation","person_details,Person,SKHUBCHA_extract_test,null,Extract Person Primary E-Mail ID","Extract Person Primary E-Mail ID","SKHUBCHA_extract_test","Person","person_details","Extract Person Primary E-Mail ID","","US","US","","","","","","","#null"
"Extract Person Primary E-Mail ID","person_details","Person","SKHUBCHA_extract_test","ExtractDataElementTranslation","person_details,Person,SKHUBCHA_extract_test,null,Extract Person Primary E-Mail ID","Extract Person Primary E-Mail ID","SKHUBCHA_extract_test","Person","person_details","Extract Person Primary E-Mail ID","","VN","US","","","","","","","#null"
"Extract Person Primary E-Mail ID","person_details","Person","SKHUBCHA_extract_test","ExtractDataElementTranslation","person_details,Person,SKHUBCHA_extract_test,null,Extract Person Primary E-Mail ID","Extract Person Primary E-Mail ID","SKHUBCHA_extract_test","Person","person_details","Extract Person Primary E-Mail ID","","ZHS","US","","","","","","","#null"
"Extract Person Primary E-Mail ID","person_details","Person","SKHUBCHA_extract_test","ExtractDataElementTranslation","person_details,Person,SKHUBCHA_extract_test,null,Extract Person Primary E-Mail ID","Extract Person Primary E-Mail ID","SKHUBCHA_extract_test","Person","person_details","Extract Person Primary E-Mail ID","","ZHT","US","","","","","","","#null"
"Extract Person Primary National Identifier ID","person_details","Person","SKHUBCHA_extract_test","ExtractDataElementTranslation","person_details,Person,SKHUBCHA_extract_test,null,Extract Person Primary National Identifier ID","Extract Person Primary National Identifier ID","SKHUBCHA_extract_test","Person","person_details","Extract Person Primary National Identifier ID","","CS","US","","","","","","","#null"
"Extract Person Primary National Identifier ID","person_details","Person","SKHUBCHA_extract_test","ExtractDataElementTranslation","person_details,Person,SKHUBCHA_extract_test,null,Extract Person Primary National Identifier ID","Extract Person Primary National Identifier ID","SKHUBCHA_extract_test","Person","person_details","Extract Person Primary National Identifier ID","","D","US","","","","","","","#null"
"Extract Person Primary National Identifier ID","person_details","Person","SKHUBCHA_extract_test","ExtractDataElementTranslation","person_details,Person,SKHUBCHA_extract_test,null,Extract Person Primary National Identifier ID","Extract Person Primary National Identifier ID","SKHUBCHA_extract_test","Person","person_details","Extract Person Primary National Identifier ID","","DK","US","","","","","","","#null"
"Extract Person Primary National Identifier ID","person_details","Person","SKHUBCHA_extract_test","ExtractDataElementTranslation","person_details,Person,SKHUBCHA_extract_test,null,Extract Person Primary National Identifier ID","Extract Person Primary National Identifier ID","SKHUBCHA_extract_test","Person","person_details","Extract Person Primary National Identifier ID","","E","US","","","","","","","#null"
"Extract Person Primary National Identifier ID","person_details","Person","SKHUBCHA_extract_test","ExtractDataElementTranslation","person_details,Person,SKHUBCHA_extract_test,null,Extract Person Primary National Identifier ID","Extract Person Primary National Identifier ID","SKHUBCHA_extract_test","Person","person_details","Extract Person Primary National Identifier ID","","F","US","","","","","","","#null"
"Extract Person Primary National Identifier ID","person_details","Person","SKHUBCHA_extract_test","ExtractDataElementTranslation","person_details,Person,SKHUBCHA_extract_test,null,Extract Person Primary National Identifier ID","Extract Person Primary National Identifier ID","SKHUBCHA_extract_test","Person","person_details","Extract Person Primary National Identifier ID","","FRC","US","","","","","","","#null"
"Extract Person Primary National Identifier ID","person_details","Person","SKHUBCHA_extract_test","ExtractDataElementTranslation","person_details,Person,SKHUBCHA_extract_test,null,Extract Person Primary National Identifier ID","Extract Person Primary National Identifier ID","SKHUBCHA_extract_test","Person","person_details","Extract Person Primary National Identifier ID","","HU","US","","","","","","","#null"
"Extract Person Primary National Identifier ID","person_details","Person","SKHUBCHA_extract_test","ExtractDataElementTranslation","person_details,Person,SKHUBCHA_extract_test,null,Extract Person Primary National Identifier ID","Extract Person Primary National Identifier ID","SKHUBCHA_extract_test","Person","person_details","Extract Person Primary National Identifier ID","","I","US","","","","","","","#null"
"Extract Person Primary National Identifier ID","person_details","Person","SKHUBCHA_extract_test","ExtractDataElementTranslation","person_details,Person,SKHUBCHA_extract_test,null,Extract Person Primary National Identifier ID","Extract Person Primary National Identifier ID","SKHUBCHA_extract_test","Person","person_details","Extract Person Primary National Identifier ID","","KO","US","","","","","","","#null"
"Extract Person Primary National Identifier ID","person_details","Person","SKHUBCHA_extract_test","ExtractDataElementTranslation","person_details,Person,SKHUBCHA_extract_test,null,Extract Person Primary National Identifier ID","Extract Person Primary National Identifier ID","SKHUBCHA_extract_test","Person","person_details","Extract Person Primary National Identifier ID","","N","US","","","","","","","#null"
"Extract Person Primary National Identifier ID","person_details","Person","SKHUBCHA_extract_test","ExtractDataElementTranslation","person_details,Person,SKHUBCHA_extract_test,null,Extract Person Primary National Identifier ID","Extract Person Primary National Identifier ID","SKHUBCHA_extract_test","Person","person_details","Extract Person Primary National Identifier ID","","NL","US","","","","","","","#null"
"Extract Person Primary National Identifier ID","person_details","Person","SKHUBCHA_extract_test","ExtractDataElementTranslation","person_details,Person,SKHUBCHA_extract_test,null,Extract Person Primary National Identifier ID","Extract Person Primary National Identifier ID","SKHUBCHA_extract_test","Person","person_details","Extract Person Primary National Identifier ID","","PL","US","","","","","","","#null"
"Extract Person Primary National Identifier ID","person_details","Person","SKHUBCHA_extract_test","ExtractDataElementTranslation","person_details,Person,SKHUBCHA_extract_test,null,Extract Person Primary National Identifier ID","Extract Person Primary National Identifier ID","SKHUBCHA_extract_test","Person","person_details","Extract Person Primary National Identifier ID","","PTB","US","","","","","","","#null"
"Extract Person Primary National Identifier ID","person_details","Person","SKHUBCHA_extract_test","ExtractDataElementTranslation","person_details,Person,SKHUBCHA_extract_test,null,Extract Person Primary National Identifier ID","Extract Person Primary National Identifier ID","SKHUBCHA_extract_test","Person","person_details","Extract Person Primary National Identifier ID","","RO","US","","","","","","","#null"
"Extract Person Primary National Identifier ID","person_details","Person","SKHUBCHA_extract_test","ExtractDataElementTranslation","person_details,Person,SKHUBCHA_extract_test,null,Extract Person Primary National Identifier ID","Extract Person Primary National Identifier ID","SKHUBCHA_extract_test","Person","person_details","Extract Person Primary National Identifier ID","","S","US","","","","","","","#null"
"Extract Person Primary National Identifier ID","person_details","Person","SKHUBCHA_extract_test","ExtractDataElementTranslation","person_details,Person,SKHUBCHA_extract_test,null,Extract Person Primary National Identifier ID","Extract Person Primary National Identifier ID","SKHUBCHA_extract_test","Person","person_details","Extract Person Primary National Identifier ID","","SF","US","","","","","","","#null"
"Extract Person Primary National Identifier ID","person_details","Person","SKHUBCHA_extract_test","ExtractDataElementTranslation","person_details,Person,SKHUBCHA_extract_test,null,Extract Person Primary National Identifier ID","Extract Person Primary National Identifier ID","SKHUBCHA_extract_test","Person","person_details","Extract Person Primary National Identifier ID","","TH","US","","","","","","","#null"
"Extract Person Primary National Identifier ID","person_details","Person","SKHUBCHA_extract_test","ExtractDataElementTranslation","person_details,Person,SKHUBCHA_extract_test,null,Extract Person Primary National Identifier ID","Extract Person Primary National Identifier ID","SKHUBCHA_extract_test","Person","person_details","Extract Person Primary National Identifier ID","","TR","US","","","","","","","#null"
"Extract Person Primary National Identifier ID","person_details","Person","SKHUBCHA_extract_test","ExtractDataElementTranslation","person_details,Person,SKHUBCHA_extract_test,null,Extract Person Primary National Identifier ID","Extract Person Primary National Identifier ID","SKHUBCHA_extract_test","Person","person_details","Extract Person Primary National Identifier ID","","US","US","","","","","","","#null"
"Extract Person Primary National Identifier ID","person_details","Person","SKHUBCHA_extract_test","ExtractDataElementTranslation","person_details,Person,SKHUBCHA_extract_test,null,Extract Person Primary National Identifier ID","Extract Person Primary National Identifier ID","SKHUBCHA_extract_test","Person","person_details","Extract Person Primary National Identifier ID","","VN","US","","","","","","","#null"
"Extract Person Primary National Identifier ID","person_details","Person","SKHUBCHA_extract_test","ExtractDataElementTranslation","person_details,Person,SKHUBCHA_extract_test,null,Extract Person Primary National Identifier ID","Extract Person Primary National Identifier ID","SKHUBCHA_extract_test","Person","person_details","Extract Person Primary National Identifier ID","","ZHS","US","","","","","","","#null"
"Extract Person Primary National Identifier ID","person_details","Person","SKHUBCHA_extract_test","ExtractDataElementTranslation","person_details,Person,SKHUBCHA_extract_test,null,Extract Person Primary National Identifier ID","Extract Person Primary National Identifier ID","SKHUBCHA_extract_test","Person","person_details","Extract Person Primary National Identifier ID","","ZHT","US","","","","","","","#null"
"Extract Person Legal Entity ID","person_details","Person","SKHUBCHA_extract_test","ExtractDataElementTranslation","person_details,Person,SKHUBCHA_extract_test,null,Extract Person Legal Entity ID","Extract Person Legal Entity ID","SKHUBCHA_extract_test","Person","person_details","Extract Person Legal Entity ID","","CS","US","","","","","","","#null"
"Extract Person Legal Entity ID","person_details","Person","SKHUBCHA_extract_test","ExtractDataElementTranslation","person_details,Person,SKHUBCHA_extract_test,null,Extract Person Legal Entity ID","Extract Person Legal Entity ID","SKHUBCHA_extract_test","Person","person_details","Extract Person Legal Entity ID","","D","US","","","","","","","#null"
"Extract Person Legal Entity ID","person_details","Person","SKHUBCHA_extract_test","ExtractDataElementTranslation","person_details,Person,SKHUBCHA_extract_test,null,Extract Person Legal Entity ID","Extract Person Legal Entity ID","SKHUBCHA_extract_test","Person","person_details","Extract Person Legal Entity ID","","DK","US","","","","","","","#null"
"Extract Person Legal Entity ID","person_details","Person","SKHUBCHA_extract_test","ExtractDataElementTranslation","person_details,Person,SKHUBCHA_extract_test,null,Extract Person Legal Entity ID","Extract Person Legal Entity ID","SKHUBCHA_extract_test","Person","person_details","Extract Person Legal Entity ID","","E","US","","","","","","","#null"
"Extract Person Legal Entity ID","person_details","Person","SKHUBCHA_extract_test","ExtractDataElementTranslation","person_details,Person,SKHUBCHA_extract_test,null,Extract Person Legal Entity ID","Extract Person Legal Entity ID","SKHUBCHA_extract_test","Person","person_details","Extract Person Legal Entity ID","","F","US","","","","","","","#null"
"Extract Person Legal Entity ID","person_details","Person","SKHUBCHA_extract_test","ExtractDataElementTranslation","person_details,Person,SKHUBCHA_extract_test,null,Extract Person Legal Entity ID","Extract Person Legal Entity ID","SKHUBCHA_extract_test","Person","person_details","Extract Person Legal Entity ID","","FRC","US","","","","","","","#null"
"Extract Person Legal Entity ID","person_details","Person","SKHUBCHA_extract_test","ExtractDataElementTranslation","person_details,Person,SKHUBCHA_extract_test,null,Extract Person Legal Entity ID","Extract Person Legal Entity ID","SKHUBCHA_extract_test","Person","person_details","Extract Person Legal Entity ID","","HU","US","","","","","","","#null"
"Extract Person Legal Entity ID","person_details","Person","SKHUBCHA_extract_test","ExtractDataElementTranslation","person_details,Person,SKHUBCHA_extract_test,null,Extract Person Legal Entity ID","Extract Person Legal Entity ID","SKHUBCHA_extract_test","Person","person_details","Extract Person Legal Entity ID","","I","US","","","","","","","#null"
"Extract Person Legal Entity ID","person_details","Person","SKHUBCHA_extract_test","ExtractDataElementTranslation","person_details,Person,SKHUBCHA_extract_test,null,Extract Person Legal Entity ID","Extract Person Legal Entity ID","SKHUBCHA_extract_test","Person","person_details","Extract Person Legal Entity ID","","KO","US","","","","","","","#null"
"Extract Person Legal Entity ID","person_details","Person","SKHUBCHA_extract_test","ExtractDataElementTranslation","person_details,Person,SKHUBCHA_extract_test,null,Extract Person Legal Entity ID","Extract Person Legal Entity ID","SKHUBCHA_extract_test","Person","person_details","Extract Person Legal Entity ID","","N","US","","","","","","","#null"
"Extract Person Legal Entity ID","person_details","Person","SKHUBCHA_extract_test","ExtractDataElementTranslation","person_details,Person,SKHUBCHA_extract_test,null,Extract Person Legal Entity ID","Extract Person Legal Entity ID","SKHUBCHA_extract_test","Person","person_details","Extract Person Legal Entity ID","","NL","US","","","","","","","#null"
"Extract Person Legal Entity ID","person_details","Person","SKHUBCHA_extract_test","ExtractDataElementTranslation","person_details,Person,SKHUBCHA_extract_test,null,Extract Person Legal Entity ID","Extract Person Legal Entity ID","SKHUBCHA_extract_test","Person","person_details","Extract Person Legal Entity ID","","PL","US","","","","","","","#null"
"Extract Person Legal Entity ID","person_details","Person","SKHUBCHA_extract_test","ExtractDataElementTranslation","person_details,Person,SKHUBCHA_extract_test,null,Extract Person Legal Entity ID","Extract Person Legal Entity ID","SKHUBCHA_extract_test","Person","person_details","Extract Person Legal Entity ID","","PTB","US","","","","","","","#null"
"Extract Person Legal Entity ID","person_details","Person","SKHUBCHA_extract_test","ExtractDataElementTranslation","person_details,Person,SKHUBCHA_extract_test,null,Extract Person Legal Entity ID","Extract Person Legal Entity ID","SKHUBCHA_extract_test","Person","person_details","Extract Person Legal Entity ID","","RO","US","","","","","","","#null"
"Extract Person Legal Entity ID","person_details","Person","SKHUBCHA_extract_test","ExtractDataElementTranslation","person_details,Person,SKHUBCHA_extract_test,null,Extract Person Legal Entity ID","Extract Person Legal Entity ID","SKHUBCHA_extract_test","Person","person_details","Extract Person Legal Entity ID","","S","US","","","","","","","#null"
"Extract Person Legal Entity ID","person_details","Person","SKHUBCHA_extract_test","ExtractDataElementTranslation","person_details,Person,SKHUBCHA_extract_test,null,Extract Person Legal Entity ID","Extract Person Legal Entity ID","SKHUBCHA_extract_test","Person","person_details","Extract Person Legal Entity ID","","SF","US","","","","","","","#null"
"Extract Person Legal Entity ID","person_details","Person","SKHUBCHA_extract_test","ExtractDataElementTranslation","person_details,Person,SKHUBCHA_extract_test,null,Extract Person Legal Entity ID","Extract Person Legal Entity ID","SKHUBCHA_extract_test","Person","person_details","Extract Person Legal Entity ID","","TH","US","","","","","","","#null"
"Extract Person Legal Entity ID","person_details","Person","SKHUBCHA_extract_test","ExtractDataElementTranslation","person_details,Person,SKHUBCHA_extract_test,null,Extract Person Legal Entity ID","Extract Person Legal Entity ID","SKHUBCHA_extract_test","Person","person_details","Extract Person Legal Entity ID","","TR","US","","","","","","","#null"
"Extract Person Legal Entity ID","person_details","Person","SKHUBCHA_extract_test","ExtractDataElementTranslation","person_details,Person,SKHUBCHA_extract_test,null,Extract Person Legal Entity ID","Extract Person Legal Entity ID","SKHUBCHA_extract_test","Person","person_details","Extract Person Legal Entity ID","","US","US","","","","","","","#null"
"Extract Person Legal Entity ID","person_details","Person","SKHUBCHA_extract_test","ExtractDataElementTranslation","person_details,Person,SKHUBCHA_extract_test,null,Extract Person Legal Entity ID","Extract Person Legal Entity ID","SKHUBCHA_extract_test","Person","person_details","Extract Person Legal Entity ID","","VN","US","","","","","","","#null"
"Extract Person Legal Entity ID","person_details","Person","SKHUBCHA_extract_test","ExtractDataElementTranslation","person_details,Person,SKHUBCHA_extract_test,null,Extract Person Legal Entity ID","Extract Person Legal Entity ID","SKHUBCHA_extract_test","Person","person_details","Extract Person Legal Entity ID","","ZHS","US","","","","","","","#null"
"Extract Person Legal Entity ID","person_details","Person","SKHUBCHA_extract_test","ExtractDataElementTranslation","person_details,Person,SKHUBCHA_extract_test,null,Extract Person Legal Entity ID","Extract Person Legal Entity ID","SKHUBCHA_extract_test","Person","person_details","Extract Person Legal Entity ID","","ZHT","US","","","","","","","#null"
